{
	"parent": "block/block",
	"textures": {
		"0": "block/blast_furnace_bottom",
		"2": "block/blast_furnace_side",
		"3": "block/blast_furnace_top",
		"4": "block/blast_furnace_inner_on",
		"5": "block/blast_furnace_front_on_empty",
		"6": "block/blast_furnace_side_empty",
		"7": "block/blast_furnace_top_empty",
		"particle": "block/blast_furnace_side"
	},
	"elements": [
		{
			"from": [0, 0, 0],
			"to": [16, 16, 16],
			"faces": {
				"east": {"uv": [0, 0, 16, 16], "texture": "#6", "cullface": "east"},
				"south": {"uv": [0, 0, 16, 16], "texture": "#6", "cullface": "south"},
				"west": {"uv": [0, 0, 16, 16], "texture": "#6", "cullface": "west"},
				"up": {"uv": [0, 0, 16, 16], "texture": "#7", "cullface": "up"},
				"down": {"uv": [0, 0, 16, 16], "texture": "#0", "cullface": "down"}
			}
		},
		{
			"from": [0, 0, 0],
			"to": [16, 16, 16],
			"shade": false,
			"faces": {
				"north": {"uv": [0, 0, 16, 16], "texture": "#5", "cullface": "north"}
			}
		},
		{
			"from": [1, 15.5, 1],
			"to": [15, 15.5, 15],
			"faces": {
				"up": {"uv": [1, 1, 15, 15], "texture": "#3", "cullface": "up"}
			}
		},
		{
			"from": [1, 0, 0.5],
			"to": [15, 15, 15.5],
			"shade": false,
			"faces": {
				"north": {"uv": [1, 1, 15, 16], "texture": "#4", "cullface": "north"}
			}
		},
		{
			"from": [1, 0, 0.5],
			"to": [15, 15, 15.5],
			"faces": {
				"south": {"uv": [1, 1, 15, 16], "texture": "#2", "cullface": "south"}
			}
		},
		{
			"from": [0.5, 8, 1],
			"to": [15.5, 15, 15],
			"faces": {
				"east": {"uv": [1, 1, 15, 8], "texture": "#2", "cullface": "east"},
				"west": {"uv": [1, 1, 15, 8], "texture": "#2", "cullface": "west"}
			}
		},
		{
			"from": [1, 8, 1],
			"to": [15, 15, 0],
			"shade": false,
			"faces": {
				"east": {"uv": [0, 1, 1, 8], "texture": "#6", "cullface": "north"},
				"west": {"uv": [15, 1, 16, 8], "texture": "#6", "cullface": "north"},
				"up": {"uv": [1, 0, 15, 1], "texture": "#6", "cullface": "north"}
			}
		},
		{
			"from": [2, 8, 0],
			"to": [14, 10, 1],
			"shade": false,
			"faces": {
				"east": {"uv": [2, 6, 3, 8], "texture": "#5", "cullface": "north"},
				"west": {"uv": [13, 6, 14, 8], "texture": "#5", "cullface": "north"},
				"up": {"uv": [2, 6, 14, 7], "texture": "#5", "cullface": "north"}
			}
		},
		{
			"from": [14, 6, 0],
			"to": [15, 8, 1],
			"shade": false,
			"faces": {
				"up": {"uv": [1, 8, 2, 9], "texture": "#5", "cullface": "north"}
			}
		},
		{
			"from": [1, 6, 0],
			"to": [2, 8, 1],
			"shade": false,
			"faces": {
				"up": {"uv": [14, 8, 15, 9], "texture": "#5", "cullface": "north"}
			}
		},
		{
			"from": [16, 8, 1],
			"to": [15, 15, 15],
			"faces": {
				"north": {"uv": [15, 1, 16, 8], "texture": "#6", "cullface": "east"},
				"south": {"uv": [0, 1, 1, 8], "texture": "#6", "cullface": "east"},
				"up": {"uv": [1, 0, 15, 1], "rotation": 90, "texture": "#6", "cullface": "east"},
				"down": {"uv": [1, 8, 15, 9], "rotation": 270, "texture": "#6", "cullface": "east"}
			}
		},
		{
			"from": [1, 8, 16],
			"to": [15, 15, 15],
			"faces": {
				"east": {"uv": [15, 1, 16, 8], "texture": "#6", "cullface": "south"},
				"west": {"uv": [0, 1, 1, 8], "texture": "#6", "cullface": "south"},
				"up": {"uv": [1, 0, 15, 1], "rotation": 180, "texture": "#6", "cullface": "south"},
				"down": {"uv": [1, 8, 15, 9], "rotation": 180, "texture": "#6", "cullface": "south"}
			}
		},
		{
			"from": [1, 8, 1],
			"to": [0, 15, 15],
			"faces": {
				"north": {"uv": [0, 1, 1, 8], "texture": "#6", "cullface": "west"},
				"south": {"uv": [15, 1, 16, 8], "texture": "#6", "cullface": "west"},
				"up": {"uv": [1, 0, 15, 1], "rotation": 270, "texture": "#6", "cullface": "west"},
				"down": {"uv": [1, 8, 15, 9], "rotation": 90, "texture": "#6", "cullface": "west"}
			}
		},
		{
			"from": [1, 16, 1],
			"to": [15, 15, 15],
			"faces": {
				"north": {"uv": [1, 15, 15, 16], "texture": "#3", "cullface": "up"},
				"east": {"uv": [0, 1, 1, 15], "rotation": 90, "texture": "#3", "cullface": "up"},
				"south": {"uv": [1, 1, 15, 0], "texture": "#3", "cullface": "up"},
				"west": {"uv": [16, 1, 15, 15], "rotation": 90, "texture": "#3", "cullface": "up"}
			}
		}
	]
}